Standard_Code,Operation_Category,Operation,Process,Applies_To_Form_Type,Material_Type,Size_Basis,Size_Min,Size_Max,Complexity,Weldment_Class,Unit_Basis,Hours_Per_Unit,Consumable_Cost_Per_Unit,Consumable_Basis_Year,Operating_Factor,Setup_Hours,Source,Source_Ref,Notes,Value_Kind,Value,Value_Note
WELD-FIL-INT-0188-SMAW,Welding,Fillet weld intermittent - clips base plates gussets,SMAW,Any,Carbon Steel,Weld Size (in),0.1875,0.25,N/A,N/A,Hr/Ft,0.3300,,,,,1962 Std 0.1.3,0.1.3 p.6 Op#7(a)1,Includes fitup and tacking. EXX10 rod. Deduct 15% if EXX24 or EXX27.,Hours,,
WELD-FIL-CONT-0188-SMAW,Welding,Fillet weld continuous - clips base plates gussets,SMAW,Any,Carbon Steel,Weld Size (in),0.1875,0.25,N/A,N/A,Hr/Ft,0.2000,,,,,1962 Std 0.1.3,0.1.3 p.6 Op#7(a)1,Includes fitup and tacking. One-side weld type.,Hours,,
WELD-FIL-INT-0250-SMAW,Welding,Fillet weld intermittent - clips base plates gussets,SMAW,Any,Carbon Steel,Weld Size (in),0.25,0.375,N/A,N/A,Hr/Ft,0.4500,,,,,1962 Std 0.1.3,0.1.3 p.6 Op#7(a)1,Includes fitup and tacking.,Hours,,
WELD-FIL-CONT-0250-SMAW,Welding,Fillet weld continuous - clips base plates gussets,SMAW,Any,Carbon Steel,Weld Size (in),0.25,0.375,N/A,N/A,Hr/Ft,0.2700,,,,,1962 Std 0.1.3,0.1.3 p.6 Op#7(a)1,Base plate to 12WF example: 5.7 ft x .27 = 1.54 hrs.,Hours,,
WELD-FIL-INT-0375-SMAW,Welding,Fillet weld intermittent - clips base plates gussets,SMAW,Any,Carbon Steel,Weld Size (in),0.375,0.5,N/A,N/A,Hr/Ft,0.6400,,,,,1962 Std 0.1.3,0.1.3 p.6 Op#7(a)1,,Hours,,
WELD-FIL-CONT-0375-SMAW,Welding,Fillet weld continuous - clips base plates gussets,SMAW,Any,Carbon Steel,Weld Size (in),0.375,0.5,N/A,N/A,Hr/Ft,0.3900,,,,,1962 Std 0.1.3,0.1.3 p.6 Op#7(a)1,,Hours,,
WELD-FIL-INT-0500-SMAW,Welding,Fillet weld intermittent - clips base plates gussets,SMAW,Any,Carbon Steel,Weld Size (in),0.5,0.625,N/A,N/A,Hr/Ft,0.9000,,,,,1962 Std 0.1.3,0.1.3 p.6 Op#7(a)1,,Hours,,
WELD-FIL-CONT-0500-SMAW,Welding,Fillet weld continuous - clips base plates gussets,SMAW,Any,Carbon Steel,Weld Size (in),0.5,0.625,N/A,N/A,Hr/Ft,0.5400,,,,,1962 Std 0.1.3,0.1.3 p.6 Op#7(a)1,,Hours,,
WELD-FIL-INT-0625-SMAW,Welding,Fillet weld intermittent - clips base plates gussets,SMAW,Any,Carbon Steel,Weld Size (in),0.625,0.75,N/A,N/A,Hr/Ft,1.1000,,,,,1962 Std 0.1.3,0.1.3 p.6 Op#7(a)1,,Hours,,
WELD-FIL-CONT-0625-SMAW,Welding,Fillet weld continuous - clips base plates gussets,SMAW,Any,Carbon Steel,Weld Size (in),0.625,0.75,N/A,N/A,Hr/Ft,0.6700,,,,,1962 Std 0.1.3,0.1.3 p.6 Op#7(a)1,,Hours,,
WELD-FIL-INT-0750-SMAW,Welding,Fillet weld intermittent - clips base plates gussets,SMAW,Any,Carbon Steel,Weld Size (in),0.75,1.0,N/A,N/A,Hr/Ft,1.3300,,,,,1962 Std 0.1.3,0.1.3 p.6 Op#7(a)1,,Hours,,
WELD-FIL-CONT-0750-SMAW,Welding,Fillet weld continuous - clips base plates gussets,SMAW,Any,Carbon Steel,Weld Size (in),0.75,1.0,N/A,N/A,Hr/Ft,0.8000,,,,,1962 Std 0.1.3,0.1.3 p.6 Op#7(a)1,,Hours,,
WELD-GIRD-INT-0188-SMAW,Welding,Fillet weld intermittent - flange to web plate girder,SMAW,Plate,Carbon Steel,Weld Size (in),0.1875,0.25,N/A,N/A,Hr/Ft,0.2200,,,,,1962 Std 0.1.3,0.1.3 p.7 Op#7(a)2,Two-side weld type. Rigid frames and similar.,Hours,,
WELD-GIRD-CONT-0188-SMAW,Welding,Fillet weld continuous - flange to web plate girder,SMAW,Plate,Carbon Steel,Weld Size (in),0.1875,0.25,N/A,N/A,Hr/Ft,0.1300,,,,,1962 Std 0.1.3,0.1.3 p.7 Op#7(a)2,Two-side weld type.,Hours,,
WELD-GIRD-INT-0250-SMAW,Welding,Fillet weld intermittent - flange to web plate girder,SMAW,Plate,Carbon Steel,Weld Size (in),0.25,0.375,N/A,N/A,Hr/Ft,0.2800,,,,,1962 Std 0.1.3,0.1.3 p.7 Op#7(a)2,,Hours,,
WELD-GIRD-CONT-0250-SMAW,Welding,Fillet weld continuous - flange to web plate girder,SMAW,Plate,Carbon Steel,Weld Size (in),0.25,0.375,N/A,N/A,Hr/Ft,0.1700,,,,,1962 Std 0.1.3,0.1.3 p.7 Op#7(a)2,,Hours,,
WELD-GIRD-INT-0375-SMAW,Welding,Fillet weld intermittent - flange to web plate girder,SMAW,Plate,Carbon Steel,Weld Size (in),0.375,0.5,N/A,N/A,Hr/Ft,0.4100,,,,,1962 Std 0.1.3,0.1.3 p.7 Op#7(a)2,,Hours,,
WELD-GIRD-CONT-0375-SMAW,Welding,Fillet weld continuous - flange to web plate girder,SMAW,Plate,Carbon Steel,Weld Size (in),0.375,0.5,N/A,N/A,Hr/Ft,0.2500,,,,,1962 Std 0.1.3,0.1.3 p.7 Op#7(a)2,Flange to 20 ft web = 40 ft x .25 = 10.0 hrs.,Hours,,
WELD-GIRD-INT-0500-SMAW,Welding,Fillet weld intermittent - flange to web plate girder,SMAW,Plate,Carbon Steel,Weld Size (in),0.5,0.625,N/A,N/A,Hr/Ft,0.5600,,,,,1962 Std 0.1.3,0.1.3 p.7 Op#7(a)2,,Hours,,
WELD-GIRD-CONT-0500-SMAW,Welding,Fillet weld continuous - flange to web plate girder,SMAW,Plate,Carbon Steel,Weld Size (in),0.5,0.625,N/A,N/A,Hr/Ft,0.3400,,,,,1962 Std 0.1.3,0.1.3 p.7 Op#7(a)2,,Hours,,
WELD-GIRD-INT-0625-SMAW,Welding,Fillet weld intermittent - flange to web plate girder,SMAW,Plate,Carbon Steel,Weld Size (in),0.625,0.75,N/A,N/A,Hr/Ft,0.6900,,,,,1962 Std 0.1.3,0.1.3 p.7 Op#7(a)2,,Hours,,
WELD-GIRD-CONT-0625-SMAW,Welding,Fillet weld continuous - flange to web plate girder,SMAW,Plate,Carbon Steel,Weld Size (in),0.625,0.75,N/A,N/A,Hr/Ft,0.4200,,,,,1962 Std 0.1.3,0.1.3 p.7 Op#7(a)2,,Hours,,
WELD-GIRD-INT-0750-SMAW,Welding,Fillet weld intermittent - flange to web plate girder,SMAW,Plate,Carbon Steel,Weld Size (in),0.75,1.0,N/A,N/A,Hr/Ft,0.8300,,,,,1962 Std 0.1.3,0.1.3 p.7 Op#7(a)2,,Hours,,
WELD-GIRD-CONT-0750-SMAW,Welding,Fillet weld continuous - flange to web plate girder,SMAW,Plate,Carbon Steel,Weld Size (in),0.75,1.0,N/A,N/A,Hr/Ft,0.5000,,,,,1962 Std 0.1.3,0.1.3 p.7 Op#7(a)2,,Hours,,
WELD-BUTT-STRUCT-0188-SMAW,Welding,Buttweld 100% penetration - in structurals,SMAW,Beam,Carbon Steel,Weld Size (in),0.1875,0.25,N/A,N/A,Hr/Ft,0.1500,,,,,1962 Std 0.1.3,0.1.3 p.7 Op#7(a)3,Thickness at joint.,Hours,,
WELD-BUTT-PLATE-0188-SMAW,Welding,Buttweld 100% penetration - in plate,SMAW,Plate,Carbon Steel,Weld Size (in),0.1875,0.25,N/A,N/A,Hr/Ft,0.1300,,,,,1962 Std 0.1.3,0.1.3 p.7 Op#7(a)3,,Hours,,
WELD-BUTT-STRUCT-0250-SMAW,Welding,Buttweld 100% penetration - in structurals,SMAW,Beam,Carbon Steel,Weld Size (in),0.25,0.375,N/A,N/A,Hr/Ft,0.2000,,,,,1962 Std 0.1.3,0.1.3 p.7 Op#7(a)3,,Hours,,
WELD-BUTT-PLATE-0250-SMAW,Welding,Buttweld 100% penetration - in plate,SMAW,Plate,Carbon Steel,Weld Size (in),0.25,0.375,N/A,N/A,Hr/Ft,0.1700,,,,,1962 Std 0.1.3,0.1.3 p.7 Op#7(a)3,,Hours,,
WELD-BUTT-STRUCT-0375-SMAW,Welding,Buttweld 100% penetration - in structurals,SMAW,Beam,Carbon Steel,Weld Size (in),0.375,0.5,N/A,N/A,Hr/Ft,0.3400,,,,,1962 Std 0.1.3,0.1.3 p.7 Op#7(a)3,,Hours,,
WELD-BUTT-PLATE-0375-SMAW,Welding,Buttweld 100% penetration - in plate,SMAW,Plate,Carbon Steel,Weld Size (in),0.375,0.5,N/A,N/A,Hr/Ft,0.2900,,,,,1962 Std 0.1.3,0.1.3 p.7 Op#7(a)3,30 ft of 3/8 plate girder web = 30 x .29 = 8.7 hrs.,Hours,,
WELD-BUTT-STRUCT-0500-SMAW,Welding,Buttweld 100% penetration - in structurals,SMAW,Beam,Carbon Steel,Weld Size (in),0.5,0.625,N/A,N/A,Hr/Ft,0.5000,,,,,1962 Std 0.1.3,0.1.3 p.7 Op#7(a)3,,Hours,,
WELD-BUTT-PLATE-0500-SMAW,Welding,Buttweld 100% penetration - in plate,SMAW,Plate,Carbon Steel,Weld Size (in),0.5,0.625,N/A,N/A,Hr/Ft,0.4400,,,,,1962 Std 0.1.3,0.1.3 p.7 Op#7(a)3,,Hours,,
WELD-BUTT-STRUCT-0625-SMAW,Welding,Buttweld 100% penetration - in structurals,SMAW,Beam,Carbon Steel,Weld Size (in),0.625,0.75,N/A,N/A,Hr/Ft,0.6400,,,,,1962 Std 0.1.3,0.1.3 p.7 Op#7(a)3,,Hours,,
WELD-BUTT-PLATE-0625-SMAW,Welding,Buttweld 100% penetration - in plate,SMAW,Plate,Carbon Steel,Weld Size (in),0.625,0.75,N/A,N/A,Hr/Ft,0.5500,,,,,1962 Std 0.1.3,0.1.3 p.7 Op#7(a)3,,Hours,,
WELD-BUTT-STRUCT-0750-SMAW,Welding,Buttweld 100% penetration - in structurals,SMAW,Beam,Carbon Steel,Weld Size (in),0.75,1.0,N/A,N/A,Hr/Ft,0.8000,,,,,1962 Std 0.1.3,0.1.3 p.7 Op#7(a)3,,Hours,,
WELD-BUTT-PLATE-0750-SMAW,Welding,Buttweld 100% penetration - in plate,SMAW,Plate,Carbon Steel,Weld Size (in),0.75,1.0,N/A,N/A,Hr/Ft,0.7000,,,,,1962 Std 0.1.3,0.1.3 p.7 Op#7(a)3,,Hours,,
WELD-MIG-0250-CS-LG,Welding,Fillet weld 1/4 in - large weldment (tanks etc),GMAW (MIG),Any,Carbon Steel,Weld Size (in),0.25,0.375,N/A,Large,Hr/Ft,0.0714,1.50,1997,,,Sentry 1997 Rate Sheet,Sentry 01/17/97 Welding Cost Per Foot,$3.00/ft labor at $42.00/hr. Consumable = C25 gas + 71V MIG wire. Sheet adds +20%. Excludes fitup.,Hours,,
WELD-MIG-0250-CS-SM,Welding,Fillet weld 1/4 in - small weldment (clip angles etc),GMAW (MIG),Any,Carbon Steel,Weld Size (in),0.25,0.375,N/A,Small,Hr/Ft,0.1073,1.50,1997,,,Sentry 1997 Rate Sheet,Sentry 01/17/97 Welding Cost Per Foot,Derived from $5.86/ft inclusive of 30% supervision. Small-work penalty is 1.50x the large-weldment rate.,Hours,,
WELD-MIG-0250-304-LG,Welding,Fillet weld 1/4 in - large weldment,GMAW (MIG),Any,304/304L SS,Weld Size (in),0.25,0.375,N/A,Large,Hr/Ft,0.0714,3.83,1997,,,Sentry 1997 Rate Sheet,Sentry 01/17/97 Welding Cost Per Foot,Consumable = A-1025 gas + 308 MIG wire. Labor hours same as CS; cost delta is all consumable.,Hours,,
WELD-MIG-0250-304-SM,Welding,Fillet weld 1/4 in - small weldment,GMAW (MIG),Any,304/304L SS,Weld Size (in),0.25,0.375,N/A,Small,Hr/Ft,0.1073,3.83,1997,,,Sentry 1997 Rate Sheet,Sentry 01/17/97 Welding Cost Per Foot,,Hours,,
WELD-MIG-0250-316-LG,Welding,Fillet weld 1/4 in - large weldment,GMAW (MIG),Any,316/316L SS,Weld Size (in),0.25,0.375,N/A,Large,Hr/Ft,0.0714,3.96,1997,,,Sentry 1997 Rate Sheet,Sentry 01/17/97 Welding Cost Per Foot,316 consumable. 316L is 4.14.,Hours,,
WELD-MIG-0250-316-SM,Welding,Fillet weld 1/4 in - small weldment,GMAW (MIG),Any,316/316L SS,Weld Size (in),0.25,0.375,N/A,Small,Hr/Ft,0.1073,3.96,1997,,,Sentry 1997 Rate Sheet,Sentry 01/17/97 Welding Cost Per Foot,,Hours,,
WELD-MIG-0250-316L-LG,Welding,Fillet weld 1/4 in - large weldment,GMAW (MIG),Any,316/316L SS,Weld Size (in),0.25,0.375,N/A,Large,Hr/Ft,0.0714,4.14,1997,,,Sentry 1997 Rate Sheet,Sentry 01/17/97 Welding Cost Per Foot,316L consumable A-1025 + 316 wire.,Hours,,
WELD-MIG-0250-AL-LG,Welding,Fillet weld 1/4 in - large weldment,GMAW (MIG),Any,Aluminum,Weld Size (in),0.25,0.375,N/A,Large,Hr/Ft,,,1997,,,Sentry 1997 Rate Sheet,Sentry 01/17/97 Welding Cost Per Foot,GAP: 5083-AL row exists on the sheet but rate cells were left blank. Fill from shop actuals.,Gap,,5083 aluminium row exists on the 1997 sheet with blank rate cells.
WELD-ARC-0250-CS,Welding,Fillet weld 1/4 in - arc time 1 pass,GMAW (MIG),Any,Carbon Steel,Weld Size (in),0.25,0.375,N/A,N/A,Hr/Ft,0.0500,,,0.35,,Sentry Handwritten,Handwritten note p.9 of scan,6 in/min = 2.0 min/ft arc + 1.0 min/ft grind smooth = 3.0 min/ft. Divide by Operating_Factor for applied hours.,Hours,,
WELD-ARC-0375-CS,Welding,Fillet weld 3/8 in - arc time 2 pass,GMAW (MIG),Any,Carbon Steel,Weld Size (in),0.375,0.5,N/A,N/A,Hr/Ft,0.0917,,,0.35,,Sentry Handwritten,Handwritten note p.9 of scan,3 in/min/pass x 2 passes + 1.5 min/ft grind = 5.5 min/ft.,Hours,,
WELD-ARC-0500-CS,Welding,Fillet weld 1/2 in - arc time 3 pass,GMAW (MIG),Any,Carbon Steel,Weld Size (in),0.5,0.625,N/A,N/A,Hr/Ft,0.1333,,,0.35,,Sentry Handwritten,Handwritten note p.9 of scan,3 passes + 2 min/ft grind = 8 min/ft.,Hours,,
WELD-ARC-0250-SS-PIPE,Welding,Fillet weld 1/4 in - stainless pipe,GMAW (MIG),Pipe,304/304L SS,Weld Size (in),0.25,0.375,N/A,N/A,Hr/Ft,0.1000,,,,,Sentry Handwritten,Handwritten note p.9 of scan,2 in/min = 6 min/ft arc time.,Hours,,
WELD-ARC-0250-SS-PLATE,Welding,Fillet weld 1/4 in - stainless plate,GMAW (MIG),Plate,304/304L SS,Weld Size (in),0.25,0.375,N/A,N/A,Hr/Ft,0.0500,,,,,Sentry Handwritten,Handwritten note p.9 of scan,4 in/min = 3 min/ft arc time.,Hours,,
WELD-ARC-0375-SS-PIPE,Welding,Fillet weld 3/8 in - stainless pipe,GMAW (MIG),Pipe,304/304L SS,Weld Size (in),0.375,0.5,N/A,N/A,Hr/Ft,0.2000,,,,,Sentry Handwritten,Handwritten note p.9 of scan,1 in/min = 12 min/ft arc time.,Hours,,
WELD-ARC-0375-SS-PLATE,Welding,Fillet weld 3/8 in - stainless plate,GMAW (MIG),Plate,304/304L SS,Weld Size (in),0.375,0.5,N/A,N/A,Hr/Ft,0.1000,,,,,Sentry Handwritten,Handwritten note p.9 of scan,2 in/min = 6 min/ft arc time.,Hours,,
WELD-SEAM-0375-304,Welding,Heavy weld and grind - 304 long seam,GMAW (MIG),Plate,304/304L SS,Weld Size (in),0.375,0.5,Heavy,N/A,Hr/Ft,0.6700,,,,,Sentry Handwritten,Handwritten note p.9 of scan,304 heavy weld/grind long seam. Includes finish grinding.,Hours,,
WELD-SEAM-0500-304,Welding,Heavy weld and grind - 304 long seam,GMAW (MIG),Plate,304/304L SS,Weld Size (in),0.5,0.6875,Heavy,N/A,Hr/Ft,1.5000,,,,,Sentry Handwritten,Handwritten note p.9 of scan,,Hours,,
WELD-SEAM-0750-304,Welding,Heavy weld and grind - 304 long seam,GMAW (MIG),Plate,304/304L SS,Weld Size (in),0.6875,1.0,Heavy,N/A,Hr/Ft,2.0000,,,,,Sentry Handwritten,Handwritten note p.9 of scan,Noted as 3/4 in.,Hours,,
CUT-OXY-SQ-0250,Cutting,Flame cut square,Oxy-Fuel,Plate,Carbon Steel,Plate Thickness (in),0.25,0.3125,N/A,N/A,Hr/Ft,0.0100,,,,0.75,1962 Std 0.1.3,0.1.3 p.6 Op#5(b),100 ft/hr. Setup 0.5-1.0 hr per thickness. Do not add layout time. Manual cutting reduce speed 30%.,Hours,,
CUT-OXY-SQ-0313,Cutting,Flame cut square,Oxy-Fuel,Plate,Carbon Steel,Plate Thickness (in),0.3125,0.375,N/A,N/A,Hr/Ft,0.0100,,,,0.75,1962 Std 0.1.3,0.1.3 p.6 Op#5(b),100 ft/hr.,Hours,,
CUT-OXY-SQ-0375,Cutting,Flame cut square,Oxy-Fuel,Plate,Carbon Steel,Plate Thickness (in),0.375,0.5,N/A,N/A,Hr/Ft,0.0105,,,,0.75,1962 Std 0.1.3,0.1.3 p.6 Op#5(b),95 ft/hr.,Hours,,
CUT-OXY-SQ-0500,Cutting,Flame cut square,Oxy-Fuel,Plate,Carbon Steel,Plate Thickness (in),0.5,0.625,N/A,N/A,Hr/Ft,0.0118,,,,0.75,1962 Std 0.1.3,0.1.3 p.6 Op#5(b),85 ft/hr.,Hours,,
CUT-OXY-SQ-0625,Cutting,Flame cut square,Oxy-Fuel,Plate,Carbon Steel,Plate Thickness (in),0.625,0.75,N/A,N/A,Hr/Ft,0.0125,,,,0.75,1962 Std 0.1.3,0.1.3 p.6 Op#5(b),80 ft/hr.,Hours,,
CUT-OXY-SQ-0750,Cutting,Flame cut square,Oxy-Fuel,Plate,Carbon Steel,Plate Thickness (in),0.75,0.875,N/A,N/A,Hr/Ft,0.0133,,,,0.75,1962 Std 0.1.3,0.1.3 p.6 Op#5(b),75 ft/hr.,Hours,,
CUT-OXY-SQ-0875,Cutting,Flame cut square,Oxy-Fuel,Plate,Carbon Steel,Plate Thickness (in),0.875,1.0,N/A,N/A,Hr/Ft,0.0139,,,,0.75,1962 Std 0.1.3,0.1.3 p.6 Op#5(b),72 ft/hr.,Hours,,
CUT-OXY-SQ-1000,Cutting,Flame cut square,Oxy-Fuel,Plate,Carbon Steel,Plate Thickness (in),1.0,1.25,N/A,N/A,Hr/Ft,0.0143,,,,0.75,1962 Std 0.1.3,0.1.3 p.6 Op#5(b),70 ft/hr.,Hours,,
CUT-OXY-SQ-1250,Cutting,Flame cut square,Oxy-Fuel,Plate,Carbon Steel,Plate Thickness (in),1.25,2.0,N/A,N/A,Hr/Ft,0.0154,,,,0.75,1962 Std 0.1.3,0.1.3 p.6 Op#5(b),65 ft/hr.,Hours,,
CUT-OXY-BEV-0250,Cutting,Flame cut bevel 30-45 deg,Oxy-Fuel,Plate,Carbon Steel,Plate Thickness (in),0.25,0.3125,N/A,N/A,Hr/Ft,0.0143,,,,0.20,1962 Std 0.1.3,0.1.3 p.6 Op#5(b),70 ft/hr = 70% of square-cut speed. Setup 0.20 hr per different bevel.,Hours,,
CUT-OXY-BEV-0313,Cutting,Flame cut bevel 30-45 deg,Oxy-Fuel,Plate,Carbon Steel,Plate Thickness (in),0.3125,0.375,N/A,N/A,Hr/Ft,0.0143,,,,0.20,1962 Std 0.1.3,0.1.3 p.6 Op#5(b),70 ft/hr.,Hours,,
CUT-OXY-BEV-0375,Cutting,Flame cut bevel 30-45 deg,Oxy-Fuel,Plate,Carbon Steel,Plate Thickness (in),0.375,0.5,N/A,N/A,Hr/Ft,0.0149,,,,0.20,1962 Std 0.1.3,0.1.3 p.6 Op#5(b),67 ft/hr.,Hours,,
CUT-OXY-BEV-0500,Cutting,Flame cut bevel 30-45 deg,Oxy-Fuel,Plate,Carbon Steel,Plate Thickness (in),0.5,0.625,N/A,N/A,Hr/Ft,0.0167,,,,0.20,1962 Std 0.1.3,0.1.3 p.6 Op#5(b),60 ft/hr.,Hours,,
CUT-OXY-BEV-0625,Cutting,Flame cut bevel 30-45 deg,Oxy-Fuel,Plate,Carbon Steel,Plate Thickness (in),0.625,0.75,N/A,N/A,Hr/Ft,0.0179,,,,0.20,1962 Std 0.1.3,0.1.3 p.6 Op#5(b),56 ft/hr.,Hours,,
CUT-OXY-BEV-0750,Cutting,Flame cut bevel 30-45 deg,Oxy-Fuel,Plate,Carbon Steel,Plate Thickness (in),0.75,0.875,N/A,N/A,Hr/Ft,0.0189,,,,0.20,1962 Std 0.1.3,0.1.3 p.6 Op#5(b),53 ft/hr.,Hours,,
CUT-OXY-BEV-0875,Cutting,Flame cut bevel 30-45 deg,Oxy-Fuel,Plate,Carbon Steel,Plate Thickness (in),0.875,1.0,N/A,N/A,Hr/Ft,0.0200,,,,0.20,1962 Std 0.1.3,0.1.3 p.6 Op#5(b),50 ft/hr.,Hours,,
CUT-OXY-BEV-1000,Cutting,Flame cut bevel 30-45 deg,Oxy-Fuel,Plate,Carbon Steel,Plate Thickness (in),1.0,1.25,N/A,N/A,Hr/Ft,0.0204,,,,0.20,1962 Std 0.1.3,0.1.3 p.6 Op#5(b),49 ft/hr.,Hours,,
CUT-OXY-BEV-1250,Cutting,Flame cut bevel 30-45 deg,Oxy-Fuel,Plate,Carbon Steel,Plate Thickness (in),1.25,2.0,N/A,N/A,Hr/Ft,0.0217,,,,0.20,1962 Std 0.1.3,0.1.3 p.6 Op#5(b),46 ft/hr.,Hours,,
CUT-OXY-DIRCHG,Cutting,Allowance for change in direction of cut,Oxy-Fuel,Plate,Any,N/A,,,N/A,N/A,Hr/Each,0.0300,,,,,1962 Std 0.1.3,0.1.3 p.6 Op#5(b),Add 0.03 hr per direction change.,Hours,,
CUT-BURN-SENTRY-0500,Cutting,Burning straight or compass,Oxy-Fuel,Plate,Carbon Steel,Plate Thickness (in),0.125,0.5625,N/A,N/A,Hr/Ft,0.0600,,,,,Sentry 1997 Rate Sheet,Sentry 01/17/97 Burning,1/8 in plate to 1/2 in. Sentry applied rate - already includes shop overhead vs the 1962 torch speed.,Hours,,
CUT-BURN-SENTRY-1000,Cutting,Burning straight or compass,Oxy-Fuel,Plate,Carbon Steel,Plate Thickness (in),0.5625,1.0625,N/A,N/A,Hr/Ft,0.0800,,,,,Sentry 1997 Rate Sheet,Sentry 01/17/97 Burning,5/8 in plate to 1 in.,Hours,,
CUT-BURN-SENTRY-1500,Cutting,Burning straight or compass,Oxy-Fuel,Plate,Carbon Steel,Plate Thickness (in),1.0625,1.5625,N/A,N/A,Hr/Ft,0.0900,,,,,Sentry 1997 Rate Sheet,Sentry 01/17/97 Burning,1-1/8 in plate to 1-1/2 in.,Hours,,
CUT-BURN-SENTRY-2000,Cutting,Burning straight or compass,Oxy-Fuel,Plate,Carbon Steel,Plate Thickness (in),1.5625,2.0625,N/A,N/A,Hr/Ft,0.1300,,,,,Sentry 1997 Rate Sheet,Sentry 01/17/97 Burning,1-5/8 in plate to 2 in.,Hours,,
CUT-BURN-SENTRY-3000,Cutting,Burning straight or compass,Oxy-Fuel,Plate,Carbon Steel,Plate Thickness (in),2.0625,3.0,N/A,N/A,Hr/Ft,0.1600,,,,,Sentry 1997 Rate Sheet,Sentry 01/17/97 Burning,2-1/8 in plate to 3 in.,Hours,,
CUT-SHEAR-0188,Cutting,Plate shearing,Shear,Plate,Carbon Steel,Plate Thickness (in),0.0,0.1875,N/A,N/A,Hr/Cut,0.0100,,,,0.375,1962 Std 0.1.3,0.1.3 p.5 Op#5(a),Under 3/16 in. Setup 0.25-0.50 manhour. Do not add layout time.,Hours,,
CUT-SHEAR-0188B,Cutting,Plate shearing,Shear,Plate,Carbon Steel,Plate Thickness (in),0.1875,0.25,N/A,N/A,Hr/Cut,0.1100,,,,0.375,1962 Std 0.1.3,0.1.3 p.5 Op#5(a),,Hours,,
CUT-SHEAR-0250,Cutting,Plate shearing,Shear,Plate,Carbon Steel,Plate Thickness (in),0.25,0.3125,N/A,N/A,Hr/Cut,0.1200,,,,0.375,1962 Std 0.1.3,0.1.3 p.5 Op#5(a),,Hours,,
CUT-SHEAR-0313,Cutting,Plate shearing,Shear,Plate,Carbon Steel,Plate Thickness (in),0.3125,0.375,N/A,N/A,Hr/Cut,0.1300,,,,0.375,1962 Std 0.1.3,0.1.3 p.5 Op#5(a),,Hours,,
CUT-SHEAR-0375,Cutting,Plate shearing,Shear,Plate,Carbon Steel,Plate Thickness (in),0.375,0.5,N/A,N/A,Hr/Cut,0.1400,,,,0.375,1962 Std 0.1.3,0.1.3 p.5 Op#5(a),,Hours,,
CUT-SHEAR-0500,Cutting,Plate shearing,Shear,Plate,Carbon Steel,Plate Thickness (in),0.5,0.625,N/A,N/A,Hr/Cut,0.1500,,,,0.375,1962 Std 0.1.3,0.1.3 p.5 Op#5(a),,Hours,,
CUT-SHEAR-QTY-005,Cutting,Shearing 1/4 in x 12 ft or 3/8 in x 10 ft - qty 1 to 5,Shear,Plate,Carbon Steel,N/A,,,N/A,N/A,Hr/Each,0.3000,,,,,Sentry 1997 Rate Sheet,Sentry 01/17/97 Shearing,Minimum 2 hrs. Reverse-cut version is 0.40 ea min 2. Quantity break curve - use the band matching the run size.,Hours,,
CUT-SHEAR-QTY-010,Cutting,Shearing - qty 6 to 10,Shear,Plate,Carbon Steel,N/A,,,N/A,N/A,Hr/Each,0.2000,,,,,Sentry 1997 Rate Sheet,Sentry 01/17/97 Shearing,Minimum 2 hrs. Reverse 0.30 ea min 2.,Hours,,
CUT-SHEAR-QTY-020,Cutting,Shearing - qty 11 to 20,Shear,Plate,Carbon Steel,N/A,,,N/A,N/A,Hr/Each,0.2000,,,,,Sentry 1997 Rate Sheet,Sentry 01/17/97 Shearing,Reverse 0.30 ea.,Hours,,
CUT-SHEAR-QTY-040,Cutting,Shearing - qty 21 to 40,Shear,Plate,Carbon Steel,N/A,,,N/A,N/A,Hr/Each,0.1900,,,,,Sentry 1997 Rate Sheet,Sentry 01/17/97 Shearing,Reverse 0.25 ea.,Hours,,
CUT-SHEAR-QTY-070,Cutting,Shearing - qty 41 to 70,Shear,Plate,Carbon Steel,N/A,,,N/A,N/A,Hr/Each,0.1700,,,,,Sentry 1997 Rate Sheet,Sentry 01/17/97 Shearing,Reverse 0.25 ea.,Hours,,
CUT-SHEAR-QTY-100,Cutting,Shearing - qty 71 to 100,Shear,Plate,Carbon Steel,N/A,,,N/A,N/A,Hr/Each,0.1400,,,,,Sentry 1997 Rate Sheet,Sentry 01/17/97 Shearing,Reverse 0.25 ea.,Hours,,
CUT-SHEAR-QTY-130,Cutting,Shearing - qty 101 to 130,Shear,Plate,Carbon Steel,N/A,,,N/A,N/A,Hr/Each,0.1100,,,,,Sentry 1997 Rate Sheet,Sentry 01/17/97 Shearing,Reverse 0.17 ea.,Hours,,
CUT-SHEAR-QTY-200,Cutting,Shearing - qty 131 to 200,Shear,Plate,Carbon Steel,N/A,,,N/A,N/A,Hr/Each,0.0900,,,,,Sentry 1997 Rate Sheet,Sentry 01/17/97 Shearing,Reverse 0.17 ea.,Hours,,
CUT-SHEAR-QTY-201,Cutting,Shearing - qty 201 and up,Shear,Plate,Carbon Steel,N/A,,,N/A,N/A,Hr/Each,0.0600,,,,,Sentry 1997 Rate Sheet,Sentry 01/17/97 Shearing,Reverse 0.17 ea.,Hours,,
CUT-PLASMA-0250,Cutting,Plasma cut - mild steel,Plasma,Plate,Carbon Steel,Plate Thickness (in),0.25,0.5,N/A,N/A,Hr/Ft,0.0030,,,0.50,,Industry Published,Published machine specs 2026,WIDE BAND: published 1/4 in speeds run 60-145 IPM depending on machine class. 0.0030 hr/ft assumes ~100 IPM at 50% duty. REPLACE with your machine cut chart.,Hours,,
CUT-MITRE-ADDER,Cutting,Mitre cut adder,Any,Any,Any,N/A,,,N/A,N/A,Hr/Each,,,,,,1962 Std 0.1.3,0.1.3 p.2 note,MULTIPLIER not adder: add 50% to manhours for mitre cuts vs square cuts. Apply as 1.50x.,Multiplier,1.5,Apply to the CUTTING hours for that member: mitre = 1.5x a square cut.
HOLE-PUNCH-CLIP,Drilling/Punching,Holes in clips,Punch,Angle,Carbon Steel,N/A,,,N/A,N/A,Hr/Hole,0.0400,,,,,Sentry 1997 Rate Sheet,Sentry 01/17/97 Clips,$1.68/hole at $42.00/hr.,Hours,,
HOLE-PUNCH-TRUSS,Drilling/Punching,Punch holes - truss work,Punch,Any,Carbon Steel,N/A,,,N/A,N/A,Hr/Hole,0.0222,,,,,1962 Std 0.1.3,0.1.3 p.11 item 2(c),40-50 holes per hour. Allow 3 punched holes per rivet or bolt.,Hours,,
HOLE-PLATE-FACTOR,Drilling/Punching,Punch or drill holes in plate material,Punch,Plate,Carbon Steel,N/A,,,N/A,N/A,Hr/Hole,,,,,,1962 Std 0.1.3,0.1.3 p.6 Op#6(a),MULTIPLIER: allow 1/2 the manhours shown for the structural member the plate attaches to.,Multiplier,0.5,Holes in PLATE take half the structural-hole standard.
HOLE-PLUGWELD,Drilling/Punching,Plug weld holes,Drill,Plate,Carbon Steel,N/A,,,N/A,N/A,Hr/Each,1.1500,,,,,Sentry 1997 Rate Sheet,Sentry 01/17/97 Floor Plate,Per piece at 8 holes/pc. $6.00/hole at $42.00/hr.,Hours,,
HOLE-CSK-BOLT,Drilling/Punching,Holes for countersunk bolts,Drill,Plate,Carbon Steel,N/A,,,N/A,N/A,Hr/Each,1.6000,,,,,Sentry 1997 Rate Sheet,Sentry 01/17/97 Floor Plate,Per piece at 8 holes/pc. $8.50/hole.,Hours,,
CLIP-W6,Fitup,Clip - handle mark and cut,Saw,Beam,Carbon Steel,Member Depth (in),6.0,8.0,N/A,N/A,Hr/Each,0.5150,,,,,Sentry 1997 Rate Sheet,Sentry 01/17/97 Clips In Hours,W6 & C7. Handling .25 + marking .125 + cutting .14.,Hours,,
CLIP-W8,Fitup,Clip - handle mark and cut,Saw,Beam,Carbon Steel,Member Depth (in),8.0,10.0,N/A,N/A,Hr/Each,0.5350,,,,,Sentry 1997 Rate Sheet,Sentry 01/17/97 Clips In Hours,W8 & C8.,Hours,,
CLIP-W10,Fitup,Clip - handle mark and cut,Saw,Beam,Carbon Steel,Member Depth (in),10.0,12.0,N/A,N/A,Hr/Each,0.5650,,,,,Sentry 1997 Rate Sheet,Sentry 01/17/97 Clips In Hours,W10 & C9.,Hours,,
CLIP-W12,Fitup,Clip - handle mark and cut,Saw,Beam,Carbon Steel,Member Depth (in),12.0,14.0,N/A,N/A,Hr/Each,0.5850,,,,,Sentry 1997 Rate Sheet,Sentry 01/17/97 Clips In Hours,W12 & C12.,Hours,,
CLIP-W14,Fitup,Clip - handle mark and cut,Saw,Beam,Carbon Steel,Member Depth (in),14.0,16.0,N/A,N/A,Hr/Each,0.6050,,,,,Sentry 1997 Rate Sheet,Sentry 01/17/97 Clips In Hours,W14 & C15.,Hours,,
CLIP-W16,Fitup,Clip - handle mark and cut,Saw,Beam,Carbon Steel,Member Depth (in),16.0,18.0,N/A,N/A,Hr/Each,0.6150,,,,,Sentry 1997 Rate Sheet,Sentry 01/17/97 Clips In Hours,W16.,Hours,,
CLIP-W18,Fitup,Clip - handle mark and cut,Saw,Beam,Carbon Steel,Member Depth (in),18.0,21.0,N/A,N/A,Hr/Each,0.6350,,,,,Sentry 1997 Rate Sheet,Sentry 01/17/97 Clips In Hours,W18 & C18.,Hours,,
CLIP-W21,Fitup,Clip - handle mark and cut,Saw,Beam,Carbon Steel,Member Depth (in),21.0,24.0,N/A,N/A,Hr/Each,0.6650,,,,,Sentry 1997 Rate Sheet,Sentry 01/17/97 Clips In Hours,W21.,Hours,,
CLIP-W24,Fitup,Clip - handle mark and cut,Saw,Beam,Carbon Steel,Member Depth (in),24.0,99.0,N/A,N/A,Hr/Each,0.7050,,,,,Sentry 1997 Rate Sheet,Sentry 01/17/97 Clips In Hours,W24.,Hours,,
FIT-CLIP-TACK,Fitup,Fitting and tacking clips,N/A,Any,Carbon Steel,N/A,,,N/A,N/A,Hr/Each,0.2200,,,,,Sentry 1997 Rate Sheet,Sentry 01/17/97 Fitting & Tacking,,Hours,,
FIT-CLIP-WELD,Welding,Weld clips,GMAW (MIG),Any,Carbon Steel,N/A,,,N/A,N/A,Hr/Each,0.4300,,,,,Sentry 1997 Rate Sheet,Sentry 01/17/97 Fitting & Tacking,Sheet also quotes $9.00/ft of weld at $42.00/hr = 0.214 hr/ft.,Hours,,
FIT-CLIP-TOTAL,Fitup,Fit tack and weld clip - combined,GMAW (MIG),Any,Carbon Steel,N/A,,,N/A,N/A,Hr/Each,0.6500,,,,,Sentry 1997 Rate Sheet,Sentry 01/17/97 Fitting & Tacking,Use this OR the two component rows - not both.,Hours,,
BASEPL-W6,Assembly,Base plate - complete (layout cut punch fit weld load),GMAW (MIG),Plate,Carbon Steel,Member Depth (in),6.0,8.0,N/A,N/A,Hr/Each,1.2500,,,,,Sentry 1997 Rate Sheet,Sentry 01/17/97 Base Plates,Layout .06 + cut .14 + punch .09 + fit .16 + weld around .57 + loading .23.,Hours,,
BASEPL-W8,Assembly,Base plate - complete,GMAW (MIG),Plate,Carbon Steel,Member Depth (in),8.0,10.0,N/A,N/A,Hr/Each,1.4100,,,,,Sentry 1997 Rate Sheet,Sentry 01/17/97 Base Plates,Weld around .71.,Hours,,
BASEPL-W10,Assembly,Base plate - complete,GMAW (MIG),Plate,Carbon Steel,Member Depth (in),10.0,12.0,N/A,N/A,Hr/Each,1.6900,,,,,Sentry 1997 Rate Sheet,Sentry 01/17/97 Base Plates,Weld around .96.,Hours,,
BASEPL-W12,Assembly,Base plate - complete,GMAW (MIG),Plate,Carbon Steel,Member Depth (in),12.0,14.0,N/A,N/A,Hr/Each,1.8100,,,,,Sentry 1997 Rate Sheet,Sentry 01/17/97 Base Plates,Weld around 1.03.,Hours,,
BASEPL-W14,Assembly,Base plate - complete,GMAW (MIG),Plate,Carbon Steel,Member Depth (in),14.0,16.0,N/A,N/A,Hr/Each,1.9800,,,,,Sentry 1997 Rate Sheet,Sentry 01/17/97 Base Plates,Weld around 1.11.,Hours,,
BASEPL-W16,Assembly,Base plate - complete,GMAW (MIG),Plate,Carbon Steel,Member Depth (in),16.0,18.0,N/A,N/A,Hr/Each,2.0600,,,,,Sentry 1997 Rate Sheet,Sentry 01/17/97 Base Plates,Weld around 1.13.,Hours,,
BASEPL-W18,Assembly,Base plate - complete,GMAW (MIG),Plate,Carbon Steel,Member Depth (in),18.0,21.0,N/A,N/A,Hr/Each,2.1000,,,,,Sentry 1997 Rate Sheet,Sentry 01/17/97 Base Plates,Weld around 1.14.,Hours,,
BASEPL-W21,Assembly,Base plate - complete,GMAW (MIG),Plate,Carbon Steel,Member Depth (in),21.0,24.0,N/A,N/A,Hr/Each,2.2600,,,,,Sentry 1997 Rate Sheet,Sentry 01/17/97 Base Plates,Weld around 1.25.,Hours,,
BASEPL-W24,Assembly,Base plate - complete,GMAW (MIG),Plate,Carbon Steel,Member Depth (in),24.0,99.0,N/A,N/A,Hr/Each,2.4800,,,,,Sentry 1997 Rate Sheet,Sentry 01/17/97 Base Plates,Weld around 1.46.,Hours,,
FRAME-W6,Assembly,Framed member complete - handle mark cut clips fit weld load,GMAW (MIG),Beam,Carbon Steel,Member Depth (in),6.0,8.0,N/A,N/A,Hr/Each,1.6000,,,,,Sentry 1997 Rate Sheet,Sentry 12/26/96 Framing,W6 & C7 and under - 3 bolts. INCLUDES cost of connection material. This is the all-in per-member number.,Hours,,
FRAME-W8,Assembly,Framed member complete,GMAW (MIG),Beam,Carbon Steel,Member Depth (in),8.0,10.0,N/A,N/A,Hr/Each,2.0500,,,,,Sentry 1997 Rate Sheet,Sentry 12/26/96 Framing,W8 & C8 - 6 bolts.,Hours,,
FRAME-W10,Assembly,Framed member complete,GMAW (MIG),Beam,Carbon Steel,Member Depth (in),10.0,12.0,N/A,N/A,Hr/Each,2.0800,,,,,Sentry 1997 Rate Sheet,Sentry 12/26/96 Framing,W10 & C10 - 6 bolts.,Hours,,
FRAME-W12,Assembly,Framed member complete,GMAW (MIG),Beam,Carbon Steel,Member Depth (in),12.0,14.0,N/A,N/A,Hr/Each,2.5400,,,,,Sentry 1997 Rate Sheet,Sentry 12/26/96 Framing,W12 & C12 - 9 bolts.,Hours,,
FRAME-W14,Assembly,Framed member complete,GMAW (MIG),Beam,Carbon Steel,Member Depth (in),14.0,16.0,N/A,N/A,Hr/Each,2.5600,,,,,Sentry 1997 Rate Sheet,Sentry 12/26/96 Framing,W14 & C15 - 9 bolts.,Hours,,
FRAME-W16,Assembly,Framed member complete,GMAW (MIG),Beam,Carbon Steel,Member Depth (in),16.0,18.0,N/A,N/A,Hr/Each,2.5700,,,,,Sentry 1997 Rate Sheet,Sentry 12/26/96 Framing,W16 - 9 bolts.,Hours,,
FRAME-W18,Assembly,Framed member complete,GMAW (MIG),Beam,Carbon Steel,Member Depth (in),18.0,21.0,N/A,N/A,Hr/Each,3.0300,,,,,Sentry 1997 Rate Sheet,Sentry 12/26/96 Framing,W18 & C18 - 12 bolts.,Hours,,
FRAME-W21,Assembly,Framed member complete,GMAW (MIG),Beam,Carbon Steel,Member Depth (in),21.0,24.0,N/A,N/A,Hr/Each,3.5000,,,,,Sentry 1997 Rate Sheet,Sentry 12/26/96 Framing,W21 - 12 bolts.,Hours,,
FRAME-W24,Assembly,Framed member complete,GMAW (MIG),Beam,Carbon Steel,Member Depth (in),24.0,27.0,N/A,N/A,Hr/Each,3.5400,,,,,Sentry 1997 Rate Sheet,Sentry 12/26/96 Framing,W24 - 15 bolts.,Hours,,
FRAME-W27,Assembly,Framed member complete,GMAW (MIG),Beam,Carbon Steel,Member Depth (in),27.0,30.0,N/A,N/A,Hr/Each,3.9900,,,,,Sentry 1997 Rate Sheet,Sentry 12/26/96 Framing,W27 - 15 bolts.,Hours,,
FRAME-W30,Assembly,Framed member complete,GMAW (MIG),Beam,Carbon Steel,Member Depth (in),30.0,33.0,N/A,N/A,Hr/Each,4.1000,,,,,Sentry 1997 Rate Sheet,Sentry 12/26/96 Framing,W30 - 30 bolts.,Hours,,
FRAME-W33,Assembly,Framed member complete,GMAW (MIG),Beam,Carbon Steel,Member Depth (in),33.0,36.0,N/A,N/A,Hr/Each,4.5700,,,,,Sentry 1997 Rate Sheet,Sentry 12/26/96 Framing,W33 - 18 bolts.,Hours,,
FRAME-W36,Assembly,Framed member complete,GMAW (MIG),Beam,Carbon Steel,Member Depth (in),36.0,99.0,N/A,N/A,Hr/Each,5.0500,,,,,Sentry 1997 Rate Sheet,Sentry 12/26/96 Framing,W36 - 21 bolts.,Hours,,
COL-W6,Assembly,Single length column complete,GMAW (MIG),Beam,Carbon Steel,Member Depth (in),6.0,8.0,N/A,N/A,Hr/Each,3.2900,,,,,Sentry 1997 Rate Sheet,Sentry 12/26/96 Columns,EXCLUDES main column and base plate material. Handle/mark/cut .49 + base plate assy & loading 2.25 + layout punch/level .54.,Hours,,
COL-W8,Assembly,Single length column complete,GMAW (MIG),Beam,Carbon Steel,Member Depth (in),8.0,10.0,N/A,N/A,Hr/Each,3.5300,,,,,Sentry 1997 Rate Sheet,Sentry 12/26/96 Columns,,Hours,,
COL-W10,Assembly,Single length column complete,GMAW (MIG),Beam,Carbon Steel,Member Depth (in),10.0,12.0,N/A,N/A,Hr/Each,3.9300,,,,,Sentry 1997 Rate Sheet,Sentry 12/26/96 Columns,,Hours,,
COL-W12,Assembly,Single length column complete,GMAW (MIG),Beam,Carbon Steel,Member Depth (in),12.0,14.0,N/A,N/A,Hr/Each,4.1800,,,,,Sentry 1997 Rate Sheet,Sentry 12/26/96 Columns,,Hours,,
COL-W14,Assembly,Single length column complete,GMAW (MIG),Beam,Carbon Steel,Member Depth (in),14.0,16.0,N/A,N/A,Hr/Each,4.4500,,,,,Sentry 1997 Rate Sheet,Sentry 12/26/96 Columns,,Hours,,
COL-W16,Assembly,Single length column complete,GMAW (MIG),Beam,Carbon Steel,Member Depth (in),16.0,18.0,N/A,N/A,Hr/Each,4.5000,,,,,Sentry 1997 Rate Sheet,Sentry 12/26/96 Columns,,Hours,,
COL-W18,Assembly,Single length column complete,GMAW (MIG),Beam,Carbon Steel,Member Depth (in),18.0,21.0,N/A,N/A,Hr/Each,4.7100,,,,,Sentry 1997 Rate Sheet,Sentry 12/26/96 Columns,,Hours,,
COL-W21,Assembly,Single length column complete,GMAW (MIG),Beam,Carbon Steel,Member Depth (in),21.0,24.0,N/A,N/A,Hr/Each,4.9100,,,,,Sentry 1997 Rate Sheet,Sentry 12/26/96 Columns,,Hours,,
COL-W24,Assembly,Single length column complete,GMAW (MIG),Beam,Carbon Steel,Member Depth (in),24.0,99.0,N/A,N/A,Hr/Each,5.3000,,,,,Sentry 1997 Rate Sheet,Sentry 12/26/96 Columns,,Hours,,
WFRAME-ANGLE-SQ,Assembly,Welded frame member - square cut and welded all around,GMAW (MIG),Angle,Carbon Steel,N/A,,,N/A,N/A,Hr/Each,0.5300,,,,,Sentry 1997 Rate Sheet,Sentry 01/17/97 Welded Frames,EXCLUDES main material. Coped & welded version 0.66. Bevel or cut to fit 0.83. Square cut only 0.91.,Hours,,
WFRAME-WT2-SQ,Assembly,Welded frame member - square cut and welded all around,GMAW (MIG),Tee,Carbon Steel,Member Depth (in),2.0,4.0,N/A,N/A,Hr/Each,0.3300,,,,,Sentry 1997 Rate Sheet,Sentry 01/17/97 Welded Frames,WT2 & 3. Coped 0.55. Splitting tees $2.70/ft = 0.0643 hr/ft.,Hours,,
WFRAME-WT4-SQ,Assembly,Welded frame member - square cut and welded all around,GMAW (MIG),Tee,Carbon Steel,Member Depth (in),4.0,6.0,N/A,N/A,Hr/Each,0.4000,,,,,Sentry 1997 Rate Sheet,Sentry 01/17/97 Welded Frames,WT4 & 5. Coped 0.65.,Hours,,
WFRAME-WT6-SQ,Assembly,Welded frame member - square cut and welded all around,GMAW (MIG),Tee,Carbon Steel,Member Depth (in),6.0,8.0,N/A,N/A,Hr/Each,0.5600,,,,,Sentry 1997 Rate Sheet,Sentry 01/17/97 Welded Frames,WT6 & 7. Coped 0.79.,Hours,,
WFRAME-WT8-SQ,Assembly,Welded frame member - square cut and welded all around,GMAW (MIG),Tee,Carbon Steel,Member Depth (in),8.0,10.5,N/A,N/A,Hr/Each,0.6300,,,,,Sentry 1997 Rate Sheet,Sentry 01/17/97 Welded Frames,WT8 & 9. Coped 0.96.,Hours,,
WFRAME-WT105-SQ,Assembly,Welded frame member - square cut and welded all around,GMAW (MIG),Tee,Carbon Steel,Member Depth (in),10.5,13.5,N/A,N/A,Hr/Each,0.7100,,,,,Sentry 1997 Rate Sheet,Sentry 01/17/97 Welded Frames,WT10.5 & 12. Coped 1.14.,Hours,,
WFRAME-WT135-SQ,Assembly,Welded frame member - square cut and welded all around,GMAW (MIG),Tee,Carbon Steel,Member Depth (in),13.5,16.5,N/A,N/A,Hr/Each,0.9100,,,,,Sentry 1997 Rate Sheet,Sentry 01/17/97 Welded Frames,WT13.5 & 15. Coped 1.38.,Hours,,
WFRAME-WT165-SQ,Assembly,Welded frame member - square cut and welded all around,GMAW (MIG),Tee,Carbon Steel,Member Depth (in),16.5,99.0,N/A,N/A,Hr/Each,1.1100,,,,,Sentry 1997 Rate Sheet,Sentry 01/17/97 Welded Frames,WT16.5 & 18. Coped 1.67.,Hours,,
WFRAME-C6-SQ,Assembly,Welded frame member - square cut and welded all around,GMAW (MIG),Channel,Carbon Steel,Member Depth (in),6.0,8.0,N/A,N/A,Hr/Each,0.4000,,,,,Sentry 1997 Rate Sheet,Sentry 01/17/97 Welded Frames,C6 & C7. Coped 0.63. Welding web only sq/bev .21/.34.,Hours,,
WFRAME-C8-SQ,Assembly,Welded frame member - square cut and welded all around,GMAW (MIG),Channel,Carbon Steel,Member Depth (in),8.0,10.0,N/A,N/A,Hr/Each,0.5000,,,,,Sentry 1997 Rate Sheet,Sentry 01/17/97 Welded Frames,C8 & C9. Coped 0.74. Web only .23/.36.,Hours,,
WFRAME-C10-SQ,Assembly,Welded frame member - square cut and welded all around,GMAW (MIG),Channel,Carbon Steel,Member Depth (in),10.0,15.0,N/A,N/A,Hr/Each,0.6000,,,,,Sentry 1997 Rate Sheet,Sentry 01/17/97 Welded Frames,C10 & C12. Coped 0.90. Web only .32/.46.,Hours,,
WFRAME-C15-SQ,Assembly,Welded frame member - square cut and welded all around,GMAW (MIG),Channel,Carbon Steel,Member Depth (in),15.0,99.0,N/A,N/A,Hr/Each,0.8300,,,,,Sentry 1997 Rate Sheet,Sentry 01/17/97 Welded Frames,C15 & C18. Coped 1.19. Web only .46/.61.,Hours,,
WFRAME-W4-SQ,Assembly,Welded frame member - square cut and welded all around,GMAW (MIG),Beam,Carbon Steel,Member Depth (in),4.0,8.0,N/A,N/A,Hr/Each,0.6600,,,,,Sentry 1997 Rate Sheet,Sentry 01/17/97 Welded Frames,W4 & W6. Coped 0.96. Web only .18/.31.,Hours,,
WFRAME-W8-SQ,Assembly,Welded frame member - square cut and welded all around,GMAW (MIG),Beam,Carbon Steel,Member Depth (in),8.0,12.0,N/A,N/A,Hr/Each,0.7900,,,,,Sentry 1997 Rate Sheet,Sentry 01/17/97 Welded Frames,W8 & W10. Coped 1.13. Web only .25/.39.,Hours,,
WFRAME-W12-SQ,Assembly,Welded frame member - square cut and welded all around,GMAW (MIG),Beam,Carbon Steel,Member Depth (in),12.0,16.0,N/A,N/A,Hr/Each,1.1200,,,,,Sentry 1997 Rate Sheet,Sentry 01/17/97 Welded Frames,W12 & W14. Coped 1.56. Web only .36/.52.,Hours,,
WFRAME-W16-SQ,Assembly,Welded frame member - square cut and welded all around,GMAW (MIG),Beam,Carbon Steel,Member Depth (in),16.0,21.0,N/A,N/A,Hr/Each,1.2600,,,,,Sentry 1997 Rate Sheet,Sentry 01/17/97 Welded Frames,W16 & W18. Coped 1.74. Web only .50/.67.,Hours,,
WFRAME-W21-SQ,Assembly,Welded frame member - square cut and welded all around,GMAW (MIG),Beam,Carbon Steel,Member Depth (in),21.0,27.0,N/A,N/A,Hr/Each,1.4800,,,,,Sentry 1997 Rate Sheet,Sentry 01/17/97 Welded Frames,W21 & W24. Coped 2.00. Web only .68/.86.,Hours,,
WFRAME-W27-SQ,Assembly,Welded frame member - square cut and welded all around,GMAW (MIG),Beam,Carbon Steel,Member Depth (in),27.0,33.0,N/A,N/A,Hr/Each,1.8500,,,,,Sentry 1997 Rate Sheet,Sentry 01/17/97 Welded Frames,W27 & W30. Coped 2.50. Web only .89/1.09.,Hours,,
WFRAME-W33-SQ,Assembly,Welded frame member - square cut and welded all around,GMAW (MIG),Beam,Carbon Steel,Member Depth (in),33.0,99.0,N/A,N/A,Hr/Each,2.2400,,,,,Sentry 1997 Rate Sheet,Sentry 01/17/97 Welded Frames,W33 & W36. Coped 3.00. Web only 1.11/1.33.,Hours,,
CONN-PLATE,Assembly,Connection material plate - includes fitting and welding,GMAW (MIG),Plate,Carbon Steel,N/A,,,N/A,N/A,Hr/Each,0.6714,,,,,Sentry 1997 Rate Sheet,Sentry 01/17/97 Frame Assemblies,$28.20/connection at $42.00/hr. 7.5 in of welding included.,Hours,,
CONN-ANGLE-CLIP,Assembly,Connection angle clip - includes fitting and welding,GMAW (MIG),Angle,Carbon Steel,N/A,,,N/A,N/A,Hr/Each,0.4643,,,,,Sentry 1997 Rate Sheet,Sentry 01/17/97 Frame Assemblies,$19.50/angle at $42.00/hr.,Hours,,
CUT-ANGLE-SQ,Cutting,Angle cut to length - square end,Saw,Angle,Carbon Steel,N/A,,,N/A,N/A,Hr/Each,0.3400,,,,,Sentry 1997 Rate Sheet,Sentry 01/17/97 Frame Assemblies,Preparing and cutting material for assembly.,Hours,,
CUT-ANGLE-FIT,Cutting,Angle cut to fit - coped or beveled,Saw,Angle,Carbon Steel,N/A,,,N/A,N/A,Hr/Each,0.4300,,,,,Sentry 1997 Rate Sheet,Sentry 01/17/97 Frame Assemblies,,Hours,,
CWT-TRUSS-WELD,Assembly,Truss - welded,GMAW (MIG),Any,Carbon Steel,N/A,,,N/A,N/A,Hr/Cwt,1.1500,,,,,1962 Std 0.1.3,0.1.3 p.11 item 2,Range 0.90-1.40 hr/cwt. Midpoint seeded.,Hours,,
CWT-TRUSS-BOLT,Assembly,Truss - bolted,N/A,Any,Carbon Steel,N/A,,,N/A,N/A,Hr/Cwt,1.5000,,,,,1962 Std 0.1.3,0.1.3 p.11 item 2,Range 1.25-1.75 hr/cwt.,Hours,,
CWT-TRUSS-RIVET,Assembly,Truss - riveted,N/A,Any,Carbon Steel,N/A,,,N/A,N/A,Hr/Cwt,2.1500,,,,,1962 Std 0.1.3,0.1.3 p.11 item 2,Range 1.8-2.5 hr/cwt.,Hours,,
CWT-BRACING,Assembly,Bracing - single or double,N/A,Any,Carbon Steel,N/A,,,N/A,N/A,Hr/Cwt,1.1250,,,,,1962 Std 0.1.3,0.1.3 p.12 item 8,Range 1.0-1.25 hr/cwt. Sentry 1997 alt: single member $120/unit = 2.857 hr; double angle $140/unit = 3.333 hr.,Hours,,
CWT-KNEE-BRACING,Assembly,Knee bracing,N/A,Any,Carbon Steel,N/A,,,N/A,N/A,Hr/Cwt,2.0000,,,,,1962 Std 0.1.3,0.1.3 p.13 item 9,Range 1.5-2.5 hr/cwt.,Hours,,
CWT-DOOR-TRUCK,Assembly,Door frame - truck doors,N/A,Any,Carbon Steel,N/A,,,N/A,N/A,Hr/Cwt,1.3750,,,,,1962 Std 0.1.3,0.1.3 p.13 item 10,Range 1.25-1.5 hr/cwt.,Hours,,
CWT-DOOR-SMALL,Assembly,Door frame - small doors,N/A,Any,Carbon Steel,N/A,,,N/A,N/A,Hr/Cwt,1.7500,,,,,1962 Std 0.1.3,0.1.3 p.13 item 10,Range 1.5-2.0 hr/cwt.,Hours,,
CWT-JOIST-16,Assembly,Open web joist 14 to 16 in,N/A,Any,Carbon Steel,Member Depth (in),14.0,18.0,N/A,N/A,Hr/Cwt,1.8000,,,,,1962 Std 0.1.3,0.1.3 p.13 item 11,"Based on 10-15 ton lot. Deduct 2% at 25T, 5% at 40T, 8% at 75T, 11% at 100T, 14% at 150T+.",Hours,,
CWT-JOIST-24,Assembly,Open web joist 18 to 24 in,N/A,Any,Carbon Steel,Member Depth (in),18.0,26.0,N/A,N/A,Hr/Cwt,1.7500,,,,,1962 Std 0.1.3,0.1.3 p.13 item 11,Tonnage deducts apply.,Hours,,
CWT-JOIST-30,Assembly,Open web joist 26 to 30 in,N/A,Any,Carbon Steel,Member Depth (in),26.0,32.0,N/A,N/A,Hr/Cwt,1.7000,,,,,1962 Std 0.1.3,0.1.3 p.13 item 11,,Hours,,
CWT-JOIST-36,Assembly,Open web joist 32 to 36 in,N/A,Any,Carbon Steel,Member Depth (in),32.0,40.0,N/A,N/A,Hr/Cwt,1.6500,,,,,1962 Std 0.1.3,0.1.3 p.13 item 11,,Hours,,
CWT-JOIST-42,Assembly,Open web joist 40 to 42 in,N/A,Any,Carbon Steel,Member Depth (in),40.0,44.0,N/A,N/A,Hr/Cwt,1.6000,,,,,1962 Std 0.1.3,0.1.3 p.13 item 11,,Hours,,
CWT-JOIST-48,Assembly,Open web joist 44 to 48 in,N/A,Any,Carbon Steel,Member Depth (in),44.0,50.0,N/A,N/A,Hr/Cwt,1.5500,,,,,1962 Std 0.1.3,0.1.3 p.13 item 11,,Hours,,
CWT-JOIST-60,Assembly,Open web joist 50 to 60 in,N/A,Any,Carbon Steel,Member Depth (in),50.0,99.0,N/A,N/A,Hr/Cwt,1.5000,,,,,1962 Std 0.1.3,0.1.3 p.13 item 11,NOTE: item 11 may be used by comparison to estimate misc fabrications and framing.,Hours,,
CWT-STAIR-STRINGER,Assembly,Stair stringers,N/A,Any,Carbon Steel,N/A,,,N/A,N/A,Hr/Cwt,1.7500,,,,,1962 Std 0.1.3,0.1.3 p.13 item 12,Range 1.5-2.0 hr/cwt. Sentry 1997 alt: $250/member = 5.952 hr/member.,Hours,,
CWT-CIRC-PLATFORM,Assembly,Circular platforms,N/A,Any,Carbon Steel,N/A,,,N/A,N/A,Hr/Cwt,3.7500,,,,,1962 Std 0.1.3,0.1.3 p.13 item 13,Range 3.5-4.0 hr/cwt.,Hours,,
CWT-HANDRAIL-ANGLE,Assembly,Angle handrails,N/A,Handrail,Carbon Steel,N/A,,,N/A,N/A,Hr/Cwt,4.1250,,,,,1962 Std 0.1.3,0.1.3 p.13 item 14,Range 4.0-4.25 hr/cwt.,Hours,,
CWT-HANDRAIL-PIPE,Assembly,Pipe handrails,N/A,Handrail,Carbon Steel,N/A,,,N/A,N/A,Hr/Cwt,4.5000,,,,,1962 Std 0.1.3,0.1.3 p.13 item 15,"Range 4.25-4.75 hr/cwt. Sentry 1997 alt: 1-1/4 in rails $35/ft mat+labor. 8 lb/ft w/o toe plate, 12 lb/ft with. Area 4.5 sq ft/lf.",Hours,,
CWT-LADDER-CAGE,Assembly,Ladders and cages,N/A,Any,Carbon Steel,N/A,,,N/A,N/A,Hr/Cwt,4.7500,,,,,1962 Std 0.1.3,0.1.3 p.13 item 16,"Range 4.5-5.0 hr/cwt. Sentry 1997 alt: ladder $25/ft (2.5 sq ft/lf), caged $45/ft (12.5 sq ft/lf).",Hours,,
CWT-BEAM-SAWPUNCH-19,Drilling/Punching,Beam saw to length and punch - web and 2 flanges,Punch,Beam,Carbon Steel,Weight per Ft (lb),13.0,20.0,N/A,N/A,Hr/Cwt,0.5800,,,,,1962 Std 0.1.3,0.1.3 p.11 item 3,"Range .65-.51 per 100 lb. Add handling: 1 hr each heavy beams, 10% light beams. Painting +2%.",Hours,,
CWT-BEAM-SAWPUNCH-28,Drilling/Punching,Beam saw to length and punch - web and 2 flanges,Punch,Beam,Carbon Steel,Weight per Ft (lb),20.0,31.0,N/A,N/A,Hr/Cwt,0.3950,,,,,1962 Std 0.1.3,0.1.3 p.11 item 3,Range .42-.37.,Hours,,
CWT-BEAM-SAWPUNCH-39,Drilling/Punching,Beam saw to length and punch - web and 2 flanges,Punch,Beam,Carbon Steel,Weight per Ft (lb),31.0,40.0,N/A,N/A,Hr/Cwt,0.2700,,,,,1962 Std 0.1.3,0.1.3 p.11 item 3,Range .29-.25.,Hours,,
CWT-BEAM-SAWPUNCH-50,Drilling/Punching,Beam saw to length and punch - web and 2 flanges,Punch,Beam,Carbon Steel,Weight per Ft (lb),40.0,53.0,N/A,N/A,Hr/Cwt,0.2450,,,,,1962 Std 0.1.3,0.1.3 p.11 item 3,Range .26-.23.,Hours,,
CWT-BEAM-SAWPUNCH-76,Drilling/Punching,Beam saw to length and punch - web and 2 flanges,Punch,Beam,Carbon Steel,Weight per Ft (lb),53.0,77.0,N/A,N/A,Hr/Cwt,0.2000,,,,,1962 Std 0.1.3,0.1.3 p.11 item 3,Range .21-.19.,Hours,,
CWT-BEAM-SAWPUNCH-100,Drilling/Punching,Beam saw to length and punch - web and 2 flanges,Punch,Beam,Carbon Steel,Weight per Ft (lb),77.0,999.0,N/A,N/A,Hr/Cwt,0.1600,,,,,1962 Std 0.1.3,0.1.3 p.11 item 3,Range .17-.15.,Hours,,
CWT-BEAM-FULL-19,Assembly,Beam saw punch cope with 2 connections - web and 2 flanges 4 copes,Punch,Beam,Carbon Steel,Weight per Ft (lb),13.0,20.0,N/A,N/A,Hr/Cwt,1.4650,,,,,1962 Std 0.1.3,0.1.3 p.12 item 6,"Range 1.72-1.21. Includes welding if connections are welded. Intermediate tables (2 conns only, cope only) are on the same scan page.",Hours,,
CWT-BEAM-FULL-28,Assembly,Beam saw punch cope with 2 connections - web and 2 flanges 4 copes,Punch,Beam,Carbon Steel,Weight per Ft (lb),20.0,31.0,N/A,N/A,Hr/Cwt,0.7400,,,,,1962 Std 0.1.3,0.1.3 p.12 item 6,Range .81-.67.,Hours,,
CWT-BEAM-FULL-39,Assembly,Beam saw punch cope with 2 connections - web and 2 flanges 4 copes,Punch,Beam,Carbon Steel,Weight per Ft (lb),31.0,40.0,N/A,N/A,Hr/Cwt,0.4850,,,,,1962 Std 0.1.3,0.1.3 p.12 item 6,Range .53-.44.,Hours,,
CWT-BEAM-FULL-50,Assembly,Beam saw punch cope with 2 connections - web and 2 flanges 4 copes,Punch,Beam,Carbon Steel,Weight per Ft (lb),40.0,53.0,N/A,N/A,Hr/Cwt,0.4050,,,,,1962 Std 0.1.3,0.1.3 p.12 item 6,Range .44-.37.,Hours,,
CWT-BEAM-FULL-76,Assembly,Beam saw punch cope with 2 connections - web and 2 flanges 4 copes,Punch,Beam,Carbon Steel,Weight per Ft (lb),53.0,77.0,N/A,N/A,Hr/Cwt,0.2750,,,,,1962 Std 0.1.3,0.1.3 p.12 item 6,Range .30-.25.,Hours,,
CWT-BEAM-FULL-100,Assembly,Beam saw punch cope with 2 connections - web and 2 flanges 4 copes,Punch,Beam,Carbon Steel,Weight per Ft (lb),77.0,999.0,N/A,N/A,Hr/Cwt,0.2100,,,,,1962 Std 0.1.3,0.1.3 p.12 item 6,Range .23-.19.,Hours,,
CWT-CLIP-ADDER-19,Assembly,Each additional clip on beam,N/A,Beam,Carbon Steel,Weight per Ft (lb),13.0,20.0,N/A,N/A,Hr/Cwt,0.2900,,,,,1962 Std 0.1.3,0.1.3 p.12 item 7,Range .38-.20 per 100 lb of beam.,Hours,,
CWT-CLIP-ADDER-28,Assembly,Each additional clip on beam,N/A,Beam,Carbon Steel,Weight per Ft (lb),20.0,31.0,N/A,N/A,Hr/Cwt,0.1550,,,,,1962 Std 0.1.3,0.1.3 p.12 item 7,Range .17-.14.,Hours,,
CWT-CLIP-ADDER-39,Assembly,Each additional clip on beam,N/A,Beam,Carbon Steel,Weight per Ft (lb),31.0,40.0,N/A,N/A,Hr/Cwt,0.1000,,,,,1962 Std 0.1.3,0.1.3 p.12 item 7,Range .11-.09.,Hours,,
CWT-CLIP-ADDER-50,Assembly,Each additional clip on beam,N/A,Beam,Carbon Steel,Weight per Ft (lb),40.0,53.0,N/A,N/A,Hr/Cwt,0.0750,,,,,1962 Std 0.1.3,0.1.3 p.12 item 7,Range .08-.07.,Hours,,
CWT-CLIP-ADDER-76,Assembly,Each additional clip on beam,N/A,Beam,Carbon Steel,Weight per Ft (lb),53.0,77.0,N/A,N/A,Hr/Cwt,0.0650,,,,,1962 Std 0.1.3,0.1.3 p.12 item 7,Range .07-.06.,Hours,,
CWT-CLIP-ADDER-100,Assembly,Each additional clip on beam,N/A,Beam,Carbon Steel,Weight per Ft (lb),77.0,999.0,N/A,N/A,Hr/Cwt,0.0600,,,,,1962 Std 0.1.3,0.1.3 p.12 item 7,Range .07-.05.,Hours,,
COL-BASEPLATE-CAP,Assembly,Column base plate or cap,N/A,Plate,Carbon Steel,N/A,,,N/A,N/A,Hr/Each,2.0000,,,,,1962 Std 0.1.3,0.1.3 p.11 item 1(b),Range 1.5-2.5 hr each.,Hours,,
COL-BEAM-SEAT,Assembly,Column beam seat,N/A,Any,Carbon Steel,N/A,,,N/A,N/A,Hr/Each,1.5000,,,,,1962 Std 0.1.3,0.1.3 p.11 item 1(c),,Hours,,
COL-BEAM-REST,Assembly,Column beam rest,N/A,Any,Carbon Steel,N/A,,,N/A,N/A,Hr/Each,1.2500,,,,,1962 Std 0.1.3,0.1.3 p.11 item 1(d),,Hours,,
COL-CONN-6IN,Assembly,Column connection - 6 in,N/A,Any,Carbon Steel,N/A,,,N/A,N/A,Hr/Each,1.0000,,,,,1962 Std 0.1.3,0.1.3 p.11 item 1(e),3 hours for an 18 ft connection.,Hours,,
TEMPLATE-SIMPLE,Layout,Make template - simple,N/A,Any,Any,N/A,,,Light,N/A,Hr/Each,0.5000,,,,,1962 Std 0.1.3,0.1.3 p.2 Op#1,Count the number required.,Hours,,
TEMPLATE-MEDIUM,Layout,Make template - medium,N/A,Any,Any,N/A,,,Medium,N/A,Hr/Each,1.0000,,,,,1962 Std 0.1.3,0.1.3 p.2 Op#1,,Hours,,
TEMPLATE-COMPLEX,Layout,Make template - complex,N/A,Any,Any,N/A,,,Heavy,N/A,Hr/Each,2.0000,,,,,1962 Std 0.1.3,0.1.3 p.2 Op#1,,Hours,,
TEMPLATE-TRUSS,Layout,Make template - truss work,N/A,Any,Any,N/A,,,N/A,N/A,Hr/Each,0.7500,,,,,1962 Std 0.1.3,0.1.3 p.11 item 2(a),,Hours,,
BOLT-100,Assembly,Bolting,N/A,Any,Any,N/A,,,N/A,N/A,Hr/Each,0.0900,,,,,1962 Std 0.1.3,0.1.3 p.8 Op#7(b),8-10 manhours per 100 bolts. Seeded as 0.09 hr per bolt.,Hours,,
RIVET-100,Assembly,Riveting,N/A,Any,Any,N/A,,,N/A,N/A,Hr/Each,0.1900,,,,,1962 Std 0.1.3,0.1.3 p.8 Op#7(c),18-20 manhours per 100 rivets.,Hours,,
STRAIGHTEN-PCT,Grinding/Finishing,Straightening of fabricated sections,N/A,Any,Any,N/A,,,N/A,N/A,Hr/Each,,,,,,1962 Std 0.1.3,0.1.3 p.8 Op#8,MULTIPLIER: 10-15% of the cutting or welding manhours. Only pieces that took heavy heat.,Multiplier,0.125,Published as 10-15% of cutting or welding hours; 12.5% is the midpoint. Only when straightening is actually called for.
CLEAN-HAND,Blast/Paint,Hand clean only,N/A,Any,Any,N/A,,,N/A,N/A,Hr/SqFt,0.0050,,,,,1962 Std 0.1.3,0.1.3 p.10 Op#9(b)(1),200 sq ft/hr.,Hours,,
CLEAN-WIREBRUSH,Blast/Paint,Wire brush,N/A,Any,Any,N/A,,,N/A,N/A,Hr/SqFt,0.0074,,,,,1962 Std 0.1.3,0.1.3 p.10 Op#9(b)(1),135 sq ft/hr.,Hours,,
CLEAN-SANDBLAST,Blast/Paint,Sandblast,N/A,Any,Any,N/A,,,N/A,N/A,Hr/SqFt,0.0286,,,,,1962 Std 0.1.3,0.1.3 p.10 Op#9(b)(1),35 sq ft/hr.,Hours,,
PAINT-1COAT-HAND,Blast/Paint,Paint one coat by hand,N/A,Any,Any,N/A,,,N/A,N/A,Hr/SqFt,0.0110,,,,,1962 Std 0.1.3,0.1.3 p.10 Op#9(b)(2),1.1 hr per 100 sq ft. Based on red lead and oil.,Hours,,
PAINT-1COAT-SPRAY,Blast/Paint,Paint one coat by spray,N/A,Any,Any,N/A,,,N/A,N/A,Hr/SqFt,0.0065,,,,,1962 Std 0.1.3,0.1.3 p.10 Op#9(b)(2),0.65 hr per 100 sq ft.,Hours,,
PAINT-ADDL-HAND,Blast/Paint,Paint each additional coat by hand,N/A,Any,Any,N/A,,,N/A,N/A,Hr/SqFt,0.0100,,,,,1962 Std 0.1.3,0.1.3 p.10 Op#9(b)(2),1.0 hr per 100 sq ft.,Hours,,
PAINT-ADDL-SPRAY,Blast/Paint,Paint each additional coat by spray,N/A,Any,Any,N/A,,,N/A,N/A,Hr/SqFt,0.0055,,,,,1962 Std 0.1.3,0.1.3 p.10 Op#9(b)(2),0.55 hr per 100 sq ft.,Hours,,
BLAST-MACHINE-SENTRY,Blast/Paint,Blast members - machine,N/A,Any,Any,N/A,,,N/A,N/A,Hr/SqFt,0.0107,,,,,Sentry 1997 Rate Sheet,Sentry 1997 misc rates,$0.45/sq ft at $42.00/hr.,Hours,,
BLAST-MANUAL-SENTRY,Blast/Paint,Blast members - manual,N/A,Any,Any,N/A,,,N/A,N/A,Hr/SqFt,0.0226,,,,,Sentry 1997 Rate Sheet,Sentry 1997 misc rates,$0.95/sq ft at $42.00/hr.,Hours,,
PAINT-SENTRY,Blast/Paint,Paint members,N/A,Any,Any,N/A,,,N/A,N/A,Hr/SqFt,0.0107,,,,,Sentry 1997 Rate Sheet,Sentry 1997 misc rates,"$0.45/sq ft. Assume 120 sq ft per gallon. Markup 25% local, 35% delivered.",Hours,,
PAINT-EPOXY-3COAT,Blast/Paint,Epoxy 3-coat system - all labor and material,N/A,Any,Any,N/A,,,N/A,N/A,Hr/SqFt,,3.25,1998,,,Sentry Handwritten,Handwritten note dated 10/22/98,"BUNDLED price $3.25/sq ft labor+material, all machine blast. Primer $30 + inter $30 + finish $40 per gal, $125/gal allowance w/ markup. Not decomposable into hours.",BundledPrice,3.25,"USD/sq ft, 1998, labour+material, machine blast included."
GALV-SENTRY,Galvanize,Galvanize,N/A,Any,Carbon Steel,N/A,,,N/A,N/A,Hr/Lb,,0.25,1997,,,Sentry 1997 Rate Sheet,Sentry 1997 misc rates,OUTSOURCED: $0.25 per pound plus 25%. Not shop hours - route to the outsource bucket.,BundledPrice,0.25,"USD/lb, 1997, plus 25%. OUTSOURCED - route to the coater, never shop hours."
HANDLE-TON,Handling,Unloading storing and loading out,N/A,Any,Any,N/A,,,N/A,N/A,Hr/Ton,1.2500,,,,,1962 Std 0.1.3,0.1.3 p.10 Op#10,Range 1.0-1.5 manhour/ton. Ops #2-#9 already cover in-shop handling and inspection.,Hours,,
LOAD-MEMBER,Loading,Loading out - per member,N/A,Any,Any,N/A,,,N/A,N/A,Hr/Each,0.2300,,,,,Sentry 1997 Rate Sheet,Sentry 01/17/97 Base Plates & Framing,Sentry used a flat 0.23 hr/member across all sizes.,Hours,,
FORM-ROLL-0125,Forming,Plate rolling,Roll,Plate,Carbon Steel,Plate Thickness (in),0.125,0.1875,N/A,N/A,Hr/Lb,0.0029,,,,,Sentry 1997 Rate Sheet,Sentry 01/17/97 Forming,"$0.12/lb at $42.00/hr. For 1 ton or more of pre-cut squared material, excluding material.",Hours,,
FORM-ROLL-0188,Forming,Plate rolling,Roll,Plate,Carbon Steel,Plate Thickness (in),0.1875,0.25,N/A,N/A,Hr/Lb,0.0024,,,,,Sentry 1997 Rate Sheet,Sentry 01/17/97 Forming,$0.10/lb.,Hours,,
FORM-ROLL-0250,Forming,Plate rolling,Roll,Plate,Carbon Steel,Plate Thickness (in),0.25,0.375,N/A,N/A,Hr/Lb,0.0021,,,,,Sentry 1997 Rate Sheet,Sentry 01/17/97 Forming,$0.09/lb.,Hours,,
FORM-ROLL-0375,Forming,Plate rolling,Roll,Plate,Carbon Steel,Plate Thickness (in),0.375,1.0,N/A,N/A,Hr/Lb,0.0019,,,,,Sentry 1997 Rate Sheet,Sentry 01/17/97 Forming,$0.08/lb.,Hours,,
FORM-ROLL-HOURLY,Forming,Rolling plate or angle - hourly,Roll,Any,Carbon Steel,N/A,,,N/A,N/A,Hr/Each,1.0000,65.00,1997,,,Sentry Handwritten,Handwritten note p.9 of scan,"$65/hr machine rate - HIGHER than the $42 shop labor rate. Roll time bills at the machine rate, not the shop rate.",Hours,,
FORM-CONE,Forming,Cone forming,Roll,Plate,Carbon Steel,N/A,,,N/A,N/A,Hr/Lb,0.0286,,,,,Sentry 1997 Rate Sheet,Sentry 01/17/97 header,"$1.20/lb for forming only, NOT including material.",Hours,,
FLOORPLATE-LAYOUT,Layout,Floor plate layout and shearing,Shear,Plate,Carbon Steel,N/A,,,N/A,N/A,Hr/Each,0.5700,,,,,Sentry 1997 Rate Sheet,Sentry 01/17/97 Floor Plate,No material included.,Hours,,
WT-SHOPCUT,Cutting,WT shop cut and straighten,Saw,Tee,Carbon Steel,N/A,,,N/A,N/A,Hr/Ft,0.0952,,,,,Sentry 1997 Rate Sheet,Sentry 1997 misc rates,$4.00/ft at $42.00/hr.,Hours,,
TEE-SPLIT,Cutting,Splitting tees from beams,Oxy-Fuel,Tee,Carbon Steel,N/A,,,N/A,N/A,Hr/Ft,0.0643,,,,,Sentry 1997 Rate Sheet,Sentry 01/17/97 Welded Frames,$2.70/ft at $42.00/hr.,Hours,,
BRACE-PLATE,Assembly,Plate for bracing,N/A,Plate,Carbon Steel,N/A,,,N/A,N/A,Hr/Each,0.4762,,,,,Sentry 1997 Rate Sheet,Sentry 01/17/97 Welded Frames,$20 each at $42.00/hr. Clip angles same rate.,Hours,,
GRATING-BAND-10,Assembly,Grating banding - 1 to 10 ft,N/A,Grating,Carbon Steel,N/A,,,N/A,N/A,Hr/Ft,0.1429,,,,,Sentry 1997 Rate Sheet,Sentry 01/17/97 Grating,$6.00/ft at $42.00/hr. Rolled banding is $8.50/ft = 0.2024 hr/ft.,Hours,,
GRATING-BAND-20,Assembly,Grating banding - 11 to 20 ft,N/A,Grating,Carbon Steel,N/A,,,N/A,N/A,Hr/Ft,0.1310,,,,,Sentry 1997 Rate Sheet,Sentry 01/17/97 Grating,$5.50/ft. Rolled $8.00/ft.,Hours,,
GRATING-BAND-50,Assembly,Grating banding - 20 to 50 ft,N/A,Grating,Carbon Steel,N/A,,,N/A,N/A,Hr/Ft,0.1190,,,,,Sentry 1997 Rate Sheet,Sentry 01/17/97 Grating,$5.00/ft. Rolled $7.50/ft.,Hours,,
GRATING-BAND-51,Assembly,Grating banding - over 50 ft,N/A,Grating,Carbon Steel,N/A,,,N/A,N/A,Hr/Ft,0.1071,,,,,Sentry 1997 Rate Sheet,Sentry 01/17/97 Grating,$4.50/ft. Rolled $7.00/ft.,Hours,,
GRATING-TOE-10,Assembly,Grating toe plate - 1 to 10 ft,N/A,Grating,Carbon Steel,N/A,,,N/A,N/A,Hr/Ft,0.2024,,,,,Sentry 1997 Rate Sheet,Sentry 01/17/97 Grating,$8.50/ft. Rolled $11.00/ft.,Hours,,
GRATING-TOE-20,Assembly,Grating toe plate - 11 to 20 ft,N/A,Grating,Carbon Steel,N/A,,,N/A,N/A,Hr/Ft,0.1905,,,,,Sentry 1997 Rate Sheet,Sentry 01/17/97 Grating,$8.00/ft. Rolled $10.50/ft.,Hours,,
GRATING-TOE-50,Assembly,Grating toe plate - 20 to 50 ft,N/A,Grating,Carbon Steel,N/A,,,N/A,N/A,Hr/Ft,0.1786,,,,,Sentry 1997 Rate Sheet,Sentry 01/17/97 Grating,$7.50/ft. Rolled $10.00/ft.,Hours,,
GRATING-TOE-51,Assembly,Grating toe plate - over 50 ft,N/A,Grating,Carbon Steel,N/A,,,N/A,N/A,Hr/Ft,0.1667,,,,,Sentry 1997 Rate Sheet,Sentry 01/17/97 Grating,$7.00/ft. Rolled $9.50/ft.,Hours,,
GRATING-MATL-GALV,Assembly,Grating galvanized - material and labor,N/A,Grating,Carbon Steel,N/A,,,N/A,N/A,Hr/SqFt,,12.00,1997,,,Sentry Handwritten,Handwritten note p.9 of scan,"BUNDLED $12.00/sq ft mat+labor. FRP $9.00/sq ft. Grating clips: steel $2/ea, FRP $3/ea.",BundledPrice,12,"USD/sq ft, 1997, material+labour. FRP 9.00."
TOEPLATE-4IN,Assembly,Toe plate 4 in carbon steel - labor and material,N/A,Plate,Carbon Steel,N/A,,,N/A,N/A,Hr/Ft,,7.00,1997,,,Sentry 1997 Rate Sheet,Sentry 1997 misc rates,BUNDLED $7.00/ft labor+material.,BundledPrice,7,"USD/ft, 1997, labour+material."
STAIR-TREAD,Assembly,Stair tread - includes nosing and end plates,N/A,Any,Carbon Steel,N/A,,,N/A,N/A,Hr/Each,,35.00,1997,,,Sentry 1997 Rate Sheet,Sentry 1997 misc rates,BUNDLED $35/tread. Does NOT include galvanize or fasteners ($38-40 galvanized). FRP $125 mat+labor.,BundledPrice,35,"USD/tread, 1997. Excludes galvanize and fasteners."
SAFETY-GATE,Assembly,Safety gate,N/A,Any,Carbon Steel,N/A,,,N/A,N/A,Hr/Each,,200.00,1997,,,Sentry 1997 Rate Sheet,Sentry 1997 misc rates,BUNDLED $200 each.,BundledPrice,200,"USD/each, 1997."
DETAIL-DWG-PCT,Detailing,Drawings - percent of estimate,N/A,Any,Any,N/A,,,N/A,N/A,Hr/Each,,,,,,Sentry 1997 Rate Sheet,Sentry 1997 Drawings Estimate Guide,MULTIPLIER: use 10% of estimate cost.,Multiplier,0.1,"Detailing at 10% of estimate COST, not of hours."
DETAIL-DWG-PAGE,Detailing,Drawings - per page,N/A,Any,Any,N/A,,,N/A,N/A,Hr/Each,,350.00,1997,,,Sentry 1997 Rate Sheet,Sentry 1997 Drawings Estimate Guide,"Rough out complexity, assume $350/page. Separate dwgs into 1) main members 2) other 3) bracing 4) stringers.",BundledPrice,350,"USD/page, 1997."
AREA-HEAVY-TON,Blast/Paint,Surface area allowance - heavy structural,N/A,Any,Any,N/A,,,Heavy,N/A,Hr/Ton,,,,,,1962 Std 0.1.3,0.1.3 p.9,NOT HOURS: 250 sq ft per ton. Used to derive paintable area when the section area is unknown.,SqFtPerTon,250,Heavy structural. Derives paintable area from weight.
AREA-MEDIUM-TON,Blast/Paint,Surface area allowance - medium structural,N/A,Any,Any,N/A,,,Medium,N/A,Hr/Ton,,,,,,1962 Std 0.1.3,0.1.3 p.9,NOT HOURS: 300 sq ft per ton.,SqFtPerTon,300,Medium structural.
AREA-LIGHT-TON,Blast/Paint,Surface area allowance - light structural,N/A,Any,Any,N/A,,,Light,N/A,Hr/Ton,,,,,,1962 Std 0.1.3,0.1.3 p.9,NOT HOURS: 350 sq ft per ton.,SqFtPerTon,350,Light structural.
